{
  "brain": {
    "bias_h": [
      -0.0417386,
      8.81e-05,
      0.0022425,
      -0.0905152,
      0.0353152,
      -0.1064655,
      0.1713537,
      -0.230871
    ],
    "bias_o": [
      -0.0044976,
      -0.088411,
      -0.0053768,
      -0.0574271,
      0.0608792,
      0.095088,
      0.0097362,
      0.1585941,
      -0.1095027,
      0.0792974,
      -0.1222725,
      0.0237511,
      0.0757563
    ],
    "hidden": [
      0.358725,
      -0.4265909,
      0.54115,
      -0.2049587,
      -0.3260621,
      -0.6131032,
      0.6483338,
      -0.8723235
    ],
    "hidden_size": 8,
    "input_size": 32,
    "last_outputs": [
      0.1040481,
      0.1724478,
      0.0423712,
      -0.1431001,
      0.3284226,
      0.0274668,
      0.4538808,
      0.3069048,
      -0.1376827,
      0.3362024,
      -0.4817832,
      0.1596341,
      0.1405265
    ],
    "output_size": 13,
    "prediction_weights": [
      -0.4400455,
      0.7229995,
      -0.5957143,
      0.4672847,
      0.3460257,
      -0.5134332,
      -0.0965117,
      -0.3999605
    ],
    "weights_in": [
      -0.1266347,
      -0.5784765,
      0.5679746,
      -0.1459994,
      -0.2841617,
      0.8439512,
      -0.0933138,
      0.6325563,
      0.4663196,
      -0.3154614,
      0.8655862,
      -0.5534998,
      0.0959303,
      -0.1410284,
      0.346363,
      -0.0346088,
      0.1662267,
      1.1884082,
      0.0291492,
      1.0318738,
      0.1314607,
      0.6473707,
      0.235842,
      -0.0781338,
      0.3388887,
      0.3033197,
      0.1081067,
      -0.5864526,
      -0.4309028,
      0.4556354,
      0.2425896,
      -0.8032895,
      -0.679874,
      -0.1336023,
      0.1837189,
      0.2473041,
      -0.0198764,
      0.6142895,
      -0.3650132,
      -0.0287206,
      -0.4116226,
      0.1507512,
      0.0355912,
      -0.6964206,
      0.4107998,
      -0.1901595,
      -0.113991,
      0.1857534,
      0.3567195,
      0.1904204,
      -0.4600272,
      -0.0355711,
      -0.5715957,
      -0.219696,
      0.4468317,
      -0.9386811,
      -0.3736015,
      -0.8313878,
      0.2491706,
      0.9174309,
      0.0185753,
      -0.631263,
      -0.0247706,
      -0.099912,
      -1.0179354,
      1.1221709,
      0.7145723,
      0.223888,
      0.3099042,
      0.4520201,
      0.2529097,
      -0.2548854,
      -0.4916921,
      0.2906319,
      0.1413435,
      -0.1373379,
      0.1576326,
      -0.236206,
      0.1309345,
      -0.129318,
      -0.1661614,
      -0.5215718,
      0.4471201,
      0.1536547,
      0.49518,
      -0.6819251,
      -0.3689566,
      -0.0932643,
      0.1243792,
      0.4511948,
      0.2265455,
      0.0275724,
      -0.8652966,
      0.8523818,
      -0.0514203,
      0.968498,
      0.7044968,
      0.4594815,
      0.1209898,
      -0.2674018,
      -0.2111782,
      -0.1871067,
      0.1332102,
      -0.5221348,
      -1.1692594,
      0.0520083,
      -0.5826712,
      -0.3481376,
      0.2065119,
      -0.2427932,
      -0.1841723,
      -0.9213186,
      -0.4136028,
      0.2556178,
      0.4937938,
      0.3822675,
      -0.0516634,
      -0.6614563,
      0.2727826,
      0.6303559,
      0.2254014,
      0.6686085,
      0.0353522,
      0.6170543,
      -0.7336453,
      0.055079,
      0.0419859,
      -0.4183037,
      0.2088028,
      -0.6932505,
      -0.1124458,
      -0.3081458,
      -0.1454646,
      0.5072268,
      0.0055816,
      -0.3121072,
      -0.2448854,
      -0.7549253,
      -0.223394,
      -0.5394872,
      0.2303634,
      -0.1100281,
      -0.2000077,
      0.9190445,
      0.3577356,
      -0.7648997,
      0.1138702,
      0.1170298,
      -0.1243693,
      -0.0298411,
      0.0820026,
      -0.1483615,
      0.1191404,
      1.1403605,
      0.2918131,
      -0.3347841,
      -0.6680195,
      0.9018241,
      -0.363804,
      -0.7694242,
      0.5804773,
      -0.6241587,
      -0.3187596,
      0.2815614,
      0.5257623,
      -0.462267,
      -0.8743237,
      0.5006974,
      -0.7163644,
      0.1638026,
      0.118233,
      -0.3764875,
      0.6805438,
      0.2948141,
      -0.6755209,
      -0.0644474,
      -0.1546882,
      0.4014537,
      0.5899766,
      -0.0772976,
      0.1063563,
      -0.3173092,
      -0.0484019,
      -0.0074833,
      0.5988949,
      -0.5378771,
      -0.2455883,
      0.3275758,
      0.230232,
      0.3338021,
      -0.3518687,
      -0.2183999,
      -0.3650102,
      0.1137272,
      -0.002759,
      -0.0165834,
      0.4459078,
      0.0640451,
      0.3201013,
      -0.2385131,
      -0.2661923,
      0.350473,
      -0.7024591,
      0.0329812,
      0.1043456,
      -0.2942689,
      0.3572354,
      0.9411603,
      -0.0442138,
      0.7755373,
      0.3810273,
      0.1930967,
      0.2077806,
      -0.2173573,
      0.1206444,
      0.286981,
      0.3708,
      -0.4709539,
      0.4495035,
      0.2665518,
      1.0490731,
      -0.3811851,
      0.1964834,
      -0.4859233,
      -0.3026151,
      -0.6623123,
      0.0297046,
      0.3793418,
      -0.5888994,
      -0.1706492,
      -0.2185572,
      -0.2517546,
      0.5149202,
      -0.2517261,
      -0.1140718,
      -0.3082665,
      -0.4930211,
      -0.6077675,
      -0.3939873,
      0.0127065,
      0.533101,
      -0.6562953,
      -0.5985167,
      0.6047424,
      0.5573216,
      0.1519097,
      -0.1113632,
      -1.1547668,
      -0.0883478,
      -0.0792731,
      0.3249885,
      0.473825,
      0.4283947,
      0.1500503,
      0.1435849,
      1.0001625
    ],
    "weights_out": [
      0.8957649,
      -0.0405799,
      1.0238421,
      -0.7809685,
      -0.0729722,
      0.4648756,
      0.3515878,
      0.8167521,
      -0.0030637,
      -0.6417202,
      0.7195601,
      -0.5334416,
      -0.676185,
      0.5379323,
      -0.8030744,
      -0.6837298,
      0.1995303,
      -0.1655272,
      -0.1736615,
      0.1284824,
      -0.1633691,
      -0.0526946,
      0.14898,
      0.0790888,
      0.226918,
      -0.6485554,
      0.0032095,
      -1.0416755,
      -0.079034,
      0.2420054,
      -0.488749,
      0.4312039,
      -0.2302441,
      -0.5866527,
      0.3946215,
      -1.0167688,
      0.1217841,
      -0.558436,
      -0.1670544,
      0.0312351,
      -0.369502,
      0.0374242,
      -0.1664072,
      -0.040097,
      -1.0493244,
      -0.1769281,
      -0.0308884,
      0.448811,
      -0.6310753,
      -0.2396463,
      -0.671357,
      -0.371458,
      -0.8093979,
      -0.1028888,
      0.6440787,
      -1.0580567,
      0.2896552,
      0.1843763,
      -0.2416809,
      0.3019475,
      -0.1863143,
      -0.0818626,
      0.7724626,
      0.0284858,
      -0.3430382,
      0.6510051,
      0.5984395,
      0.0502236,
      0.1849312,
      -0.7703894,
      -0.7945087,
      -0.1267765,
      0.1302006,
      -0.6816541,
      0.4568962,
      -0.2972702,
      0.2808401,
      -0.0250737,
      -0.2552413,
      -0.3698698,
      0.1054405,
      0.7614921,
      0.3736723,
      0.2245148,
      -0.4101828,
      -0.2308036,
      -1.2899549,
      0.3725167,
      -0.2623375,
      0.1057146,
      -0.3631368,
      -0.7153172,
      0.3723447,
      -0.7577673,
      0.2557553,
      -0.0738754,
      0.6549167,
      -0.1078381,
      0.1582068,
      -1.1123511,
      0.3554041,
      0.8533711,
      -0.5424606,
      -0.664254
    ]
  },
  "brain_template": {
    "bias_h": [
      -0.0417386,
      8.81e-05,
      0.0022425,
      -0.0905152,
      0.0353152,
      -0.1064655,
      0.1713537,
      -0.230871
    ],
    "bias_o": [
      -0.0044975,
      -0.0884095,
      -0.0055528,
      -0.057431,
      0.0608974,
      0.0950896,
      0.0053879,
      0.155307,
      -0.1095032,
      0.0792992,
      -0.1222725,
      0.024361,
      0.0757566
    ],
    "hidden_size": 8,
    "input_size": 32,
    "output_size": 13,